blog,netWorth
The Money Habit,2250000
The Frugal Gene,1065056
Money Done Right,833588
Quietly Crushing It,801515
Leigh's Financial Journey,753000
The 40 Year Old Retirees,544000
Unplanned Finance,542000
Freedom 35 Blog,500000
Guy on FIRE,500000
Frugal Hackers,480272
FamVestor,450000
Atypical Life,420000
Saving for a Living,400000
Savvy Financial Latina,392116
Murphy On Money,372400
Sisters for Financial Independence,330000
Adventure Rich,323563
Financial Freedom Journey,310000
Miss Millennial MD,286000
Aussie Firebug,271451
From Cents To Retirement,266284
The Grounded Engineer,258000
Live Like You're Broke,250000
Millennial Boss,233000
Shnugi Personal Finance,232217
The Dad Wallet,223671
Saving Sherpa,222907
Miss Personal Finance,215680
Traveling Wallet,211446
Mr. & Mrs. J on FIRE,206000
Life Long Shuffle,205000
Ellie Mondelli,202000
Financial Planning Philippines,200000
Millennial Dividends,200000
Fiery Millennials,195000
Smart Provisions,180542
Apathy Ends,180000
Life Growth Finance,180000
Zero Day Finance,180000
Life For The Better,175000
Ninja Capitalist,170000
The Mastermind Within,160000
FIRE by Thirty-Five,159500
My Money Wizard,158000
Accelerated FI,155000
Does That Make Cents,154000
Get Rich Brothers,150000
retirengineering,150000
Fi Big Sky,143500
slowsteadymoney,142000
How We Do Money,140173
Common Cents Millennial,140000
Debt Roundup,140000
Traveling Cents,140000
Project Two,130000
Bread and Budget,120000
Let's Be Millionaires,120000
Stretching My Money,120000
thedollarhackers.com,120000
fivefeetsmall,100000
Money Nest,100000
The Dividend Investor Blog,100000
Tis But A Moment,100000
The Wannabe Investor,94025
Cash Fasting,93671
Trail to FI,85000
Lindsey Warren Coaching,84780
Young FIRE Knight,80345
Financial Panther,76298
Stockles,75000
Frugalisten,70000
Four Pillar Freedom,68569
Professional Girl on the Go,67907
FrugalMoneyMan.com,62000
MoneyMow,59634
Office Rebel Budgets,58000
My Alternate Life,56219
The Savvy Couple,55000
the melon deal,53658
Millennial Money Diaries,50000
Money Hero,50000
Running Towards Fire,50000
Debt Freeks,45000
"Get Money, Got Money",44867
Common Sense on Finance,43768
Million Endeavour,40905
All She Saves,40000
Wealth Whispers Guy,40000
Millennial Dollar,38000
The Beta Post,37000
Life Well Hustled,36000
No More Work,35899
Frugal Mermaid,33736
A Tale of Finances,30472
#MoneyGoals,30146
Sort Your Shit,30000
Distilled Dollar,29791
The FIRE Engine,27207
PF Geeks,26713
Dreamer Money,26000
The 99K Challenge,22765
"Buy, Hold Long",22000
Finding Wealthy,22000
Lead a Healthy Lifestyle,20703
Dialed In,16236
Dinero Pro,16000
Net Worth Goals,15626
Earn Spend Live,15000
I The Corporate Slave,14996
Financially Katie,14394
The Financial Tech,14323
Give. Earn. Live.,13324
Money Tree Man,12253
Tiny Ambitions,12118
BlondeBumbleBee,11000
Budget Like a Sir,10642
A Financial Savvy Doc,10000
The Millennials Next Door,10000
WealFIBuns,10000
The Earnest Addiction,8891
Broke Investor,5000
Gen Y to FI,5000
Allie Banks,4360
Finance Yo Self,1147
FrugalStudent,13
Burke Does,-3967
MoneyBabe,-23098
Millennial Money Probs,-24794
Broke Girl Rehab,-26757
Best Life Katy,-30343
Just Another Dollar,-50000
Badass Budget Babe,-117000
Their Money Goals,-257952
Red Two Green,-532304
